Workbook

Sheet Inflacion
A1: Fecha | B1: IPC sin alimentos | C1: Inflacion %
A2: 36525 | B2: 42.08 | C2: =B3/Series_de_datos__4[[#This Row],[IPC sin alimentos]]-1 -> 0.08911597
A3: 36891 | B3: 45.83 | C3: =B4/Series_de_datos__4[[#This Row],[IPC sin alimentos]]-1 -> 0.064804713
A4: 37256 | B4: 48.8 | C4: =B5/Series_de_datos__4[[#This Row],[IPC sin alimentos]]-1 -> 0.054098361
A5: 37621 | B5: 51.44 | C5: =B6/Series_de_datos__4[[#This Row],[IPC sin alimentos]]-1 -> 0.069790047
A6: 37986 | B6: 55.03 | C6: =B7/Series_de_datos__4[[#This Row],[IPC sin alimentos]]-1 -> 0.054879157
A7: 38352 | B7: 58.05 | C7: =B8/Series_de_datos__4[[#This Row],[IPC sin alimentos]]-1 -> 0.042204996
A8: 38717 | B8: 60.5 | C8: =B9/Series_de_datos__4[[#This Row],[IPC sin alimentos]]-1 -> 0.040991736
A9: 39082 | B9: 62.98 | C9: =B10/Series_de_datos__4[[#This Row],[IPC sin alimentos]]-1 -> 0.046522706
A10: 39447 | B10: 65.91 | C10: =B11/Series_de_datos__4[[#This Row],[IPC sin alimentos]]-1 -> 0.053557882
A11: 39813 | B11: 69.44 | C11: =B12/Series_de_datos__4[[#This Row],[IPC sin alimentos]]-1 -> 0.030961982
A12: 40178 | B12: 71.59 | C12: =B13/Series_de_datos__4[[#This Row],[IPC sin alimentos]]-1 -> 0.030032127
A13: 40543 | B13: 73.74 | C13: =Series_de_datos__4[[#This Row],[IPC sin alimentos]]/B12-1 -> 0.030032127
A14: 40908 | B14: 76.23 | C14: =Series_de_datos__4[[#This Row],[IPC sin alimentos]]/B13-1 -> 0.03376729
A15: 41274 | B15: 78.27 | C15: =Series_de_datos__4[[#This Row],[IPC sin alimentos]]/B14-1 -> 0.026761118
A16: 41639 | B16: 80.2 | C16: =Series_de_datos__4[[#This Row],[IPC sin alimentos]]/B15-1 -> 0.024658234
A17: 42004 | B17: 82.83 | C17: =Series_de_datos__4[[#This Row],[IPC sin alimentos]]/B16-1 -> 0.032793017
A18: 42369 | B18: 87.18 | C18: =Series_de_datos__4[[#This Row],[IPC sin alimentos]]/B17-1 -> 0.052517204
A19: 42735 | B19: 91.99 | C19: =Series_de_datos__4[[#This Row],[IPC sin alimentos]]/B18-1 -> 0.055173205
A20: 43100 | B20: 96.61 | C20: =Series_de_datos__4[[#This Row],[IPC sin alimentos]]/B19-1 -> 0.05022285
A21: 43465 | B21: 100 | C21: =Series_de_datos__4[[#This Row],[IPC sin alimentos]]/B20-1 -> 0.035089535
A22: 43830 | B22: 103.45 | C22: =Series_de_datos__4[[#This Row],[IPC sin alimentos]]/B21-1 -> 0.0345
A23: 44196 | B23: 104.52 | C23: =Series_de_datos__4[[#This Row],[IPC sin alimentos]]/B22-1 -> 0.010343161
A24: 44561 | B24: 108.12 | C24: =Series_de_datos__4[[#This Row],[IPC sin alimentos]]/B23-1 -> 0.034443169
... A28: 46022 | B28: 145.7 | C28: =Series_de_datos__4[[#This Row],[IPC sin alimentos]]/B27-1 -> 0.051074881

Sheet Data_set_Completo
A1: Clasificación Cuentas Nacionales | B1: Concepto | C1: Año | D1: PIB | E1: Inflacion Subyacente | F1: inflacion | G1: Tasa de variacion Del PIB
A2: B.1b | B2: Producto Interno Bruto | C2: 2005 | D2: 121117.73 | E2: =Inflacion!C8 -> 0.040991736 | F2: =Inflacion!B8 -> 60.5
A3: B.1b | B3: Producto Interno Bruto | C3: 2006 | D3: 128839.68 | E3: =Inflacion!C9 -> 0.046522706 | F3: =Inflacion!B9 -> 62.98 | G3: =#REF!/D2-1 -> 0.063755741
A4: B.1b | B4: Producto Interno Bruto | C4: 2007 | D4: 137488.52 | E4: =Inflacion!C10 -> 0.053557882 | F4: =Inflacion!B10 -> 65.91 | G4: =#REF!/D3-1 -> 0.067128664
A5: B.1b | B5: Producto Interno Bruto | C5: 2008 | D5: 144602.69 | E5: =Inflacion!C11 -> 0.030961982 | F5: =Inflacion!B11 -> 69.44 | G5: =#REF!/D4-1 -> 0.051743787
A6: B.1b | B6: Producto Interno Bruto | C6: 2009 | D6: 164292.74 | E6: =Inflacion!C12 -> 0.030032127 | F6: =Inflacion!B12 -> 71.59 | G6: =#REF!/D5-1 -> 0.13616653
A7: B.1b | B7: Producto Interno Bruto | C7: 2010 | D7: 173063.55 | E7: =Inflacion!C13 -> 0.030032127 | F7: =Inflacion!B13 -> 73.74 | G7: =#REF!/D6-1 -> 0.053385254
A8: B.1b | B8: Producto Interno Bruto | C8: 2011 | D8: 184010.44 | E8: =Inflacion!C14 -> 0.03376729 | F8: =Inflacion!B14 -> 76.23 | G8: =#REF!/D7-1 -> 0.063253583
A9: B.1b | B9: Producto Interno Bruto | C9: 2012 | D9: 188971.82 | E9: =Inflacion!C15 -> 0.026761118 | F9: =Inflacion!B15 -> 78.27 | G9: =#REF!/D8-1 -> 0.026962516
A10: B.1b | B10: Producto Interno Bruto | C10: 2013 | D10: 200972.79 | E10: =Inflacion!C16 -> 0.024658234 | F10: =Inflacion!B16 -> 80.2 | G10: =#REF!/D9-1 -> 0.063506629
A11: B.1b | B11: Producto Interno Bruto | C11: 2014 | D11: 208535.82 | E11: =Inflacion!C17 -> 0.032793017 | F11: =Inflacion!B17 -> 82.83 | G11: =#REF!/D10-1 -> 0.037632113
A12: B.1b | B12: Producto Interno Bruto | C12: 2015 | D12: 212831.55 | E12: =Inflacion!C18 -> 0.052517204 | F12: =Inflacion!B18 -> 87.18 | G12: =#REF!/D11-1 -> 0.0205995
A13: B.1b | B13: Producto Interno Bruto | C13: 2016 | D13: 217736.68 | E13: =Inflacion!C19 -> 0.055173205 | F13: =Inflacion!B19 -> 91.99 | G13: =#REF!/D12-1 -> 0.023047006
A14: B.1b | B14: Producto Interno Bruto | C14: 2017 | D14: 220760.57 | E14: =Inflacion!C20 -> 0.05022285 | F14: =Inflacion!B20 -> 96.61 | G14: =#REF!/D13-1 -> 0.013887831
... A22: B.1b | B22: Producto Interno Bruto | C22: 2025 | D22: 242632.98 | E22: =Inflacion!C28 -> 0.051074881 | F22: =Inflacion!B28 -> 145.7 | G22: =#REF!/D21-1 -> -0.085834945

Sheet Calcular 
A1: Hoja de calculo
B7: Años | C7: PIB | D7: Inflacion Subyacente | G7: Años | H7: Tasa de variacion Del PIB
B8: 2010 | C8: 173063.55 | D8: 0.030032127 | G8: 2021 | H8: 0.11081378 | J8: 2021 El Año Rebote
B9: 2011 | C9: 184010.44 | D9: 0.03376729 | G9: 2019 | H9: 0.030910783
B10: 2012 | C10: 188971.82 | D10: 0.026761118 | G10: 2014 | H10: 0.037632113 | J10: Variacion PIB 2021 Vs 2019
B11: 2013 | C11: 200972.79 | D11: 0.024658234 | G11: 2013 | H11: 0.063506629 | J11: =Data_set_Completo!D18/Data_set_Completo!D16-1 -> 0.07404756
B12: 2014 | C12: 208535.82 | D12: 0.032793017 | G12: 2011 | H12: 0.063253583 | J12: El coste Del Rebote
B13: 2015 | C13: 212831.55 | D13: 0.052517204 | G13: 2010 | H13: 0.053385254 | J13: =Inflacion!B24/Inflacion!B23-1 -> 0.034443169
B14: 2016 | C14: 217736.68 | D14: 0.055173205 | G14: 2009 | H14: 0.13616653
B15: 2017 | C15: 220760.57 | D15: 0.05022285 | G15: 2008 | H15: 0.051743787
B16: 2018 | C16: 227192.98 | D16: 0.035089535 | G16: 2007 | H16: 0.067128664
B17: 2019 | C17: 234215.69 | D17: 0.0345 | G17: 2006 | H17: 0.063755741
B18: 2020 | C18: 226463.51 | D18: 0.010343161 | J18: Tasa de variacion Del PIB 2010 - 2024
B19: 2021 | C19: 251558.79 | D19: 0.034443169 | J19: 0.036359127 | L19: =GETPIVOTDATA("Tasa de variacion Del PIB",$J$18) -> 0.036359127
B20: 2022 | C20: 257422.1 | D20: 0.099889012
B21: 2023 | C21: 259305.47 | D21: 0.10334679
B22: 2024 | C22: 265414.85 | D22: 0.056474354 | G22: Años | H22: Tasa de variacion Del PIB | I22: Inflacion Subyacente
G23: 2020 | H23: -0.033098452 | I23: 0.010343161
G24: 2021 | H24: 0.11081378 | I24: 0.034443169
G25: 2022 | H25: 0.023307905 | I25: 0.099889012
G26: 2023 | H26: 0.0073162986 | I26: 0.10334679
G27: 2024 | H27: 0.023560545 | I27: 0.056474354

Sheet DashBoard
